{"cameraMode":{"drawMode":0,"name":"Shaded","section":"Shading Mode"},"sceneLighting":true,"audioPlay":false,"sceneViewState":{"showFog":true,"showMaterialUpdate":true,"showSkybox":true,"showFlares":true,"showImageEffects":true,"showParticleSystems":true},"in2DMode":false,"pivot":{"x":-0.05413246154785156,"y":0.2169952392578125,"z":12.674819946289063},"rotation":{"x":0.019231244921684266,"y":0.979649543762207,"z":-0.16293352842330934,"w":0.11562715470790863},"size":43.71875,"orthographic":false}